name;category;calories;proteins;fats;carbohydrates
Гречка варёная;Крупы;110.0;4.2;1.1;21.3
Гречка варёная отварной;Крупы;104.5;4.2;0.99;20.23
Гречка варёная запечённый;Крупы;115.5;4.28;1.16;21.3
Гречка варёная тушёный;Крупы;110.0;4.12;1.16;20.45
Гречка варёная домашний;Крупы;118.8;4.2;1.23;21.73
Гречка варёная лёгкий;Крупы;90.2;4.2;0.77;20.23
Гречка варёная классический;Крупы;110.0;4.2;1.1;21.3
Гречка варёная с маслом;Крупы;137.5;4.12;1.76;20.87
Гречка варёная без масла;Крупы;93.5;4.2;0.72;20.87
Гречка варёная порционный;Крупы;110.0;4.2;1.1;21.3
Гречка сухая;Крупы;313.0;12.6;3.3;62.1
Гречка сухая отварной;Крупы;297.3;12.6;2.97;58.99
Гречка сухая запечённый;Крупы;328.7;12.85;3.46;62.1
Гречка сухая тушёный;Крупы;313.0;12.35;3.46;59.62
Гречка сухая домашний;Крупы;338.0;12.6;3.7;63.34
Гречка сухая лёгкий;Крупы;256.7;12.6;2.31;58.99
Гречка сухая классический;Крупы;313.0;12.6;3.3;62.1
Гречка сухая с маслом;Крупы;391.2;12.35;5.28;60.86
Гречка сухая без масла;Крупы;266.1;12.6;2.15;60.86
Гречка сухая порционный;Крупы;313.0;12.6;3.3;62.1
Рис белый варёный;Крупы;116.0;2.2;0.5;24.9
Рис белый варёный отварной;Крупы;110.2;2.2;0.45;23.65
Рис белый варёный запечённый;Крупы;121.8;2.24;0.53;24.9
Рис белый варёный тушёный;Крупы;116.0;2.16;0.53;23.9
Рис белый варёный домашний;Крупы;125.3;2.2;0.56;25.4
Рис белый варёный лёгкий;Крупы;95.1;2.2;0.35;23.65
Рис белый варёный классический;Крупы;116.0;2.2;0.5;24.9
Рис белый варёный с маслом;Крупы;145.0;2.16;0.8;24.4
Рис белый варёный без масла;Крупы;98.6;2.2;0.33;24.4
Рис белый варёный порционный;Крупы;116.0;2.2;0.5;24.9
Рис белый сухой;Крупы;344.0;6.7;0.7;78.9
Рис белый сухой отварной;Крупы;326.8;6.7;0.63;74.95
Рис белый сухой запечённый;Крупы;361.2;6.83;0.73;78.9
Рис белый сухой тушёный;Крупы;344.0;6.57;0.73;75.74
Рис белый сухой домашний;Крупы;371.5;6.7;0.78;80.48
Рис белый сухой лёгкий;Крупы;282.1;6.7;0.49;74.95
Рис белый сухой классический;Крупы;344.0;6.7;0.7;78.9
Рис белый сухой с маслом;Крупы;430.0;6.57;1.12;77.32
Рис белый сухой без масла;Крупы;292.4;6.7;0.45;77.32
Рис белый сухой порционный;Крупы;344.0;6.7;0.7;78.9
Рис бурый варёный;Крупы;111.0;2.6;0.9;22.8
Рис бурый варёный отварной;Крупы;105.4;2.6;0.81;21.66
Рис бурый варёный запечённый;Крупы;116.6;2.65;0.95;22.8
Рис бурый варёный тушёный;Крупы;111.0;2.55;0.95;21.89
Рис бурый варёный домашний;Крупы;119.9;2.6;1.01;23.26
Рис бурый варёный лёгкий;Крупы;91.0;2.6;0.63;21.66
Рис бурый варёный классический;Крупы;111.0;2.6;0.9;22.8
Рис бурый варёный с маслом;Крупы;138.8;2.55;1.44;22.34
Рис бурый варёный без масла;Крупы;94.3;2.6;0.59;22.34
Рис бурый варёный порционный;Крупы;111.0;2.6;0.9;22.8
Овсянка на воде;Крупы;88.0;3.0;1.7;15.0
Овсянка на воде отварной;Крупы;83.6;3.0;1.53;14.25
Овсянка на воде запечённый;Крупы;92.4;3.06;1.78;15.0
Овсянка на воде тушёный;Крупы;88.0;2.94;1.78;14.4
Овсянка на воде домашний;Крупы;95.0;3.0;1.9;15.3
Овсянка на воде лёгкий;Крупы;72.2;3.0;1.19;14.25
Овсянка на воде классический;Крупы;88.0;3.0;1.7;15.0
Овсянка на воде с маслом;Крупы;110.0;2.94;2.72;14.7
Овсянка на воде без масла;Крупы;74.8;3.0;1.1;14.7
Овсянка на воде порционный;Крупы;88.0;3.0;1.7;15.0
Овсяные хлопья сухие;Крупы;366.0;11.9;7.2;69.3
Овсяные хлопья сухие отварной;Крупы;347.7;11.9;6.48;65.83
Овсяные хлопья сухие запечённый;Крупы;384.3;12.14;7.56;69.3
Овсяные хлопья сухие тушёный;Крупы;366.0;11.66;7.56;66.53
Овсяные хлопья сухие домашний;Крупы;395.3;11.9;8.06;70.69
Овсяные хлопья сухие лёгкий;Крупы;300.1;11.9;5.04;65.83
Овсяные хлопья сухие классический;Крупы;366.0;11.9;7.2;69.3
Овсяные хлопья сухие с маслом;Крупы;457.5;11.66;11.52;67.91
Овсяные хлопья сухие без масла;Крупы;311.1;11.9;4.68;67.91
Овсяные хлопья сухие порционный;Крупы;366.0;11.9;7.2;69.3
Перловка варёная;Крупы;109.0;3.1;0.4;22.2
Перловка варёная отварной;Крупы;103.5;3.1;0.36;21.09
Перловка варёная запечённый;Крупы;114.5;3.16;0.42;22.2
Перловка варёная тушёный;Крупы;109.0;3.04;0.42;21.31
Перловка варёная домашний;Крупы;117.7;3.1;0.45;22.64
Перловка варёная лёгкий;Крупы;89.4;3.1;0.28;21.09
Перловка варёная классический;Крупы;109.0;3.1;0.4;22.2
Перловка варёная с маслом;Крупы;136.2;3.04;0.64;21.76
Перловка варёная без масла;Крупы;92.6;3.1;0.26;21.76
Перловка варёная порционный;Крупы;109.0;3.1;0.4;22.2
Пшено варёное;Крупы;114.0;3.5;1.0;23.7
Пшено варёное отварной;Крупы;108.3;3.5;0.9;22.51
Пшено варёное запечённый;Крупы;119.7;3.57;1.05;23.7
Пшено варёное тушёный;Крупы;114.0;3.43;1.05;22.75
Пшено варёное домашний;Крупы;123.1;3.5;1.12;24.17
Пшено варёное лёгкий;Крупы;93.5;3.5;0.7;22.51
Пшено варёное классический;Крупы;114.0;3.5;1.0;23.7
Пшено варёное с маслом;Крупы;142.5;3.43;1.6;23.23
Пшено варёное без масла;Крупы;96.9;3.5;0.65;23.23
Пшено варёное порционный;Крупы;114.0;3.5;1.0;23.7
Булгур варёный;Крупы;83.0;3.1;0.2;18.6
Булгур варёный отварной;Крупы;78.8;3.1;0.18;17.67
Булгур варёный запечённый;Крупы;87.2;3.16;0.21;18.6
Булгур варёный тушёный;Крупы;83.0;3.04;0.21;17.86
Булгур варёный домашний;Крупы;89.6;3.1;0.22;18.97
Булгур варёный лёгкий;Крупы;68.1;3.1;0.14;17.67
Булгур варёный классический;Крупы;83.0;3.1;0.2;18.6
Булгур варёный с маслом;Крупы;103.8;3.04;0.32;18.23
Булгур варёный без масла;Крупы;70.5;3.1;0.13;18.23
Булгур варёный порционный;Крупы;83.0;3.1;0.2;18.6
Кускус варёный;Крупы;112.0;3.8;0.2;23.2
Кускус варёный отварной;Крупы;106.4;3.8;0.18;22.04
Кускус варёный запечённый;Крупы;117.6;3.88;0.21;23.2
Кускус варёный тушёный;Крупы;112.0;3.72;0.21;22.27
Кускус варёный домашний;Крупы;121.0;3.8;0.22;23.66
Кускус варёный лёгкий;Крупы;91.8;3.8;0.14;22.04
Кускус варёный классический;Крупы;112.0;3.8;0.2;23.2
Кускус варёный с маслом;Крупы;140.0;3.72;0.32;22.74
Кускус варёный без масла;Крупы;95.2;3.8;0.13;22.74
Кускус варёный порционный;Крупы;112.0;3.8;0.2;23.2
Макароны варёные;Макароны;112.0;3.5;0.7;23.2
Макароны варёные отварной;Макароны;106.4;3.5;0.63;22.04
Макароны варёные запечённый;Макароны;117.6;3.57;0.73;23.2
Макароны варёные тушёный;Макароны;112.0;3.43;0.73;22.27
Макароны варёные домашний;Макароны;121.0;3.5;0.78;23.66
Макароны варёные лёгкий;Макароны;91.8;3.5;0.49;22.04
Макароны варёные классический;Макароны;112.0;3.5;0.7;23.2
Макароны варёные с маслом;Макароны;140.0;3.43;1.12;22.74
Макароны варёные без масла;Макароны;95.2;3.5;0.45;22.74
Макароны варёные порционный;Макароны;112.0;3.5;0.7;23.2
Макароны сухие;Макароны;344.0;10.4;1.1;71.5
Макароны сухие отварной;Макароны;326.8;10.4;0.99;67.92
Макароны сухие запечённый;Макароны;361.2;10.61;1.16;71.5
Макароны сухие тушёный;Макароны;344.0;10.19;1.16;68.64
Макароны сухие домашний;Макароны;371.5;10.4;1.23;72.93
Макароны сухие лёгкий;Макароны;282.1;10.4;0.77;67.92
Макароны сухие классический;Макароны;344.0;10.4;1.1;71.5
Макароны сухие с маслом;Макароны;430.0;10.19;1.76;70.07
Макароны сухие без масла;Макароны;292.4;10.4;0.72;70.07
Макароны сухие порционный;Макароны;344.0;10.4;1.1;71.5
Картофель варёный;Овощи;82.0;2.0;0.4;16.7
Картофель варёный отварной;Овощи;77.9;2.0;0.36;15.86
Картофель варёный запечённый;Овощи;86.1;2.04;0.42;16.7
Картофель варёный тушёный;Овощи;82.0;1.96;0.42;16.03
Картофель варёный домашний;Овощи;88.6;2.0;0.45;17.03
Картофель варёный лёгкий;Овощи;67.2;2.0;0.28;15.86
Картофель варёный классический;Овощи;82.0;2.0;0.4;16.7
Картофель варёный с маслом;Овощи;102.5;1.96;0.64;16.37
Картофель варёный без масла;Овощи;69.7;2.0;0.26;16.37
Картофель варёный порционный;Овощи;82.0;2.0;0.4;16.7
Картофель запечённый;Овощи;93.0;2.5;0.1;21.2
Картофель запечённый отварной;Овощи;88.3;2.5;0.09;20.14
Картофель запечённый запечённый;Овощи;97.7;2.55;0.11;21.2
Картофель запечённый тушёный;Овощи;93.0;2.45;0.11;20.35
Картофель запечённый домашний;Овощи;100.4;2.5;0.11;21.62
Картофель запечённый лёгкий;Овощи;76.3;2.5;0.07;20.14
Картофель запечённый классический;Овощи;93.0;2.5;0.1;21.2
Картофель запечённый с маслом;Овощи;116.2;2.45;0.16;20.78
Картофель запечённый без масла;Овощи;79.0;2.5;0.07;20.78
Картофель запечённый порционный;Овощи;93.0;2.5;0.1;21.2
Картофель жареный;Готовые блюда;192.0;2.8;9.5;23.4
Картофель жареный отварной;Готовые блюда;182.4;2.8;8.55;22.23
Картофель жареный запечённый;Готовые блюда;201.6;2.86;9.97;23.4
Картофель жареный тушёный;Готовые блюда;192.0;2.74;9.97;22.46
Картофель жареный домашний;Готовые блюда;207.4;2.8;10.64;23.87
Картофель жареный лёгкий;Готовые блюда;157.4;2.8;6.65;22.23
Картофель жареный классический;Готовые блюда;192.0;2.8;9.5;23.4
Картофель жареный с маслом;Готовые блюда;240.0;2.74;15.2;22.93
Картофель жареный без масла;Готовые блюда;163.2;2.8;6.17;22.93
Картофель жареный порционный;Готовые блюда;192.0;2.8;9.5;23.4
Морковь;Овощи;35.0;1.3;0.1;6.9
Морковь отварной;Овощи;33.2;1.3;0.09;6.55
Морковь запечённый;Овощи;36.8;1.33;0.11;6.9
Морковь тушёный;Овощи;35.0;1.27;0.11;6.62
Морковь домашний;Овощи;37.8;1.3;0.11;7.04
Морковь лёгкий;Овощи;28.7;1.3;0.07;6.55
Морковь классический;Овощи;35.0;1.3;0.1;6.9
Морковь с маслом;Овощи;43.8;1.27;0.16;6.76
Морковь без масла;Овощи;29.8;1.3;0.07;6.76
Морковь порционный;Овощи;35.0;1.3;0.1;6.9
Свёкла;Овощи;43.0;1.5;0.1;8.8
Свёкла отварной;Овощи;40.9;1.5;0.09;8.36
Свёкла запечённый;Овощи;45.1;1.53;0.11;8.8
Свёкла тушёный;Овощи;43.0;1.47;0.11;8.45
Свёкла домашний;Овощи;46.4;1.5;0.11;8.98
Свёкла лёгкий;Овощи;35.3;1.5;0.07;8.36
Свёкла классический;Овощи;43.0;1.5;0.1;8.8
Свёкла с маслом;Овощи;53.8;1.47;0.16;8.62
Свёкла без масла;Овощи;36.5;1.5;0.07;8.62
Свёкла порционный;Овощи;43.0;1.5;0.1;8.8
Капуста белокочанная;Овощи;28.0;1.8;0.1;4.7
Капуста белокочанная отварной;Овощи;26.6;1.8;0.09;4.46
Капуста белокочанная запечённый;Овощи;29.4;1.84;0.11;4.7
Капуста белокочанная тушёный;Овощи;28.0;1.76;0.11;4.51
Капуста белокочанная домашний;Овощи;30.2;1.8;0.11;4.79
Капуста белокочанная лёгкий;Овощи;23.0;1.8;0.07;4.46
Капуста белокочанная классический;Овощи;28.0;1.8;0.1;4.7
Капуста белокочанная с маслом;Овощи;35.0;1.76;0.16;4.61
Капуста белокочанная без масла;Овощи;23.8;1.8;0.07;4.61
Капуста белокочанная порционный;Овощи;28.0;1.8;0.1;4.7
Капуста цветная;Овощи;30.0;2.5;0.3;4.2
Капуста цветная отварной;Овощи;28.5;2.5;0.27;3.99
Капуста цветная запечённый;Овощи;31.5;2.55;0.32;4.2
Капуста цветная тушёный;Овощи;30.0;2.45;0.32;4.03
Капуста цветная домашний;Овощи;32.4;2.5;0.34;4.28
Капуста цветная лёгкий;Овощи;24.6;2.5;0.21;3.99
Капуста цветная классический;Овощи;30.0;2.5;0.3;4.2
Капуста цветная с маслом;Овощи;37.5;2.45;0.48;4.12
Капуста цветная без масла;Овощи;25.5;2.5;0.2;4.12
Капуста цветная порционный;Овощи;30.0;2.5;0.3;4.2
Брокколи;Овощи;34.0;2.8;0.4;6.6
Брокколи отварной;Овощи;32.3;2.8;0.36;6.27
Брокколи запечённый;Овощи;35.7;2.86;0.42;6.6
Брокколи тушёный;Овощи;34.0;2.74;0.42;6.34
Брокколи домашний;Овощи;36.7;2.8;0.45;6.73
Брокколи лёгкий;Овощи;27.9;2.8;0.28;6.27
Брокколи классический;Овощи;34.0;2.8;0.4;6.6
Брокколи с маслом;Овощи;42.5;2.74;0.64;6.47
Брокколи без масла;Овощи;28.9;2.8;0.26;6.47
Брокколи порционный;Овощи;34.0;2.8;0.4;6.6
Огурец;Овощи;15.0;0.8;0.1;2.8
Огурец отварной;Овощи;14.2;0.8;0.09;2.66
Огурец запечённый;Овощи;15.8;0.82;0.11;2.8
Огурец тушёный;Овощи;15.0;0.78;0.11;2.69
Огурец домашний;Овощи;16.2;0.8;0.11;2.86
Огурец лёгкий;Овощи;12.3;0.8;0.07;2.66
Огурец классический;Овощи;15.0;0.8;0.1;2.8
Огурец с маслом;Овощи;18.8;0.78;0.16;2.74
Огурец без масла;Овощи;12.8;0.8;0.07;2.74
Огурец порционный;Овощи;15.0;0.8;0.1;2.8
Помидор;Овощи;20.0;0.9;0.2;3.9
Помидор отварной;Овощи;19.0;0.9;0.18;3.7
Помидор запечённый;Овощи;21.0;0.92;0.21;3.9
Помидор тушёный;Овощи;20.0;0.88;0.21;3.74
Помидор домашний;Овощи;21.6;0.9;0.22;3.98
Помидор лёгкий;Овощи;16.4;0.9;0.14;3.7
Помидор классический;Овощи;20.0;0.9;0.2;3.9
Помидор с маслом;Овощи;25.0;0.88;0.32;3.82
Помидор без масла;Овощи;17.0;0.9;0.13;3.82
Помидор порционный;Овощи;20.0;0.9;0.2;3.9
Перец болгарский;Овощи;27.0;1.3;0.0;5.3
Перец болгарский отварной;Овощи;25.6;1.3;0.0;5.03
Перец болгарский запечённый;Овощи;28.4;1.33;0.0;5.3
Перец болгарский тушёный;Овощи;27.0;1.27;0.0;5.09
Перец болгарский домашний;Овощи;29.2;1.3;0.0;5.41
Перец болгарский лёгкий;Овощи;22.1;1.3;0.0;5.03
Перец болгарский классический;Овощи;27.0;1.3;0.0;5.3
Перец болгарский с маслом;Овощи;33.8;1.27;0.0;5.19
Перец болгарский без масла;Овощи;22.9;1.3;0.0;5.19
Перец болгарский порционный;Овощи;27.0;1.3;0.0;5.3
Кабачок;Овощи;24.0;0.6;0.3;4.6
Кабачок отварной;Овощи;22.8;0.6;0.27;4.37
Кабачок запечённый;Овощи;25.2;0.61;0.32;4.6
Кабачок тушёный;Овощи;24.0;0.59;0.32;4.42
Кабачок домашний;Овощи;25.9;0.6;0.34;4.69
Кабачок лёгкий;Овощи;19.7;0.6;0.21;4.37
Кабачок классический;Овощи;24.0;0.6;0.3;4.6
Кабачок с маслом;Овощи;30.0;0.59;0.48;4.51
Кабачок без масла;Овощи;20.4;0.6;0.2;4.51
Кабачок порционный;Овощи;24.0;0.6;0.3;4.6
Баклажан;Овощи;24.0;1.2;0.1;4.5
Баклажан отварной;Овощи;22.8;1.2;0.09;4.27
Баклажан запечённый;Овощи;25.2;1.22;0.11;4.5
Баклажан тушёный;Овощи;24.0;1.18;0.11;4.32
Баклажан домашний;Овощи;25.9;1.2;0.11;4.59
Баклажан лёгкий;Овощи;19.7;1.2;0.07;4.27
Баклажан классический;Овощи;24.0;1.2;0.1;4.5
Баклажан с маслом;Овощи;30.0;1.18;0.16;4.41
Баклажан без масла;Овощи;20.4;1.2;0.07;4.41
Баклажан порционный;Овощи;24.0;1.2;0.1;4.5
Лук репчатый;Овощи;41.0;1.4;0.0;10.4
Лук репчатый отварной;Овощи;38.9;1.4;0.0;9.88
Лук репчатый запечённый;Овощи;43.1;1.43;0.0;10.4
Лук репчатый тушёный;Овощи;41.0;1.37;0.0;9.98
Лук репчатый домашний;Овощи;44.3;1.4;0.0;10.61
Лук репчатый лёгкий;Овощи;33.6;1.4;0.0;9.88
Лук репчатый классический;Овощи;41.0;1.4;0.0;10.4
Лук репчатый с маслом;Овощи;51.2;1.37;0.0;10.19
Лук репчатый без масла;Овощи;34.9;1.4;0.0;10.19
Лук репчатый порционный;Овощи;41.0;1.4;0.0;10.4
Чеснок;Овощи;143.0;6.5;0.5;29.9
Чеснок отварной;Овощи;135.8;6.5;0.45;28.4
Чеснок запечённый;Овощи;150.2;6.63;0.53;29.9
Чеснок тушёный;Овощи;143.0;6.37;0.53;28.7
Чеснок домашний;Овощи;154.4;6.5;0.56;30.5
Чеснок лёгкий;Овощи;117.3;6.5;0.35;28.4
Чеснок классический;Овощи;143.0;6.5;0.5;29.9
Чеснок с маслом;Овощи;178.8;6.37;0.8;29.3
Чеснок без масла;Овощи;121.5;6.5;0.33;29.3
Чеснок порционный;Овощи;143.0;6.5;0.5;29.9
Яблоко;Фрукты;47.0;0.4;0.4;9.8
Яблоко отварной;Фрукты;44.6;0.4;0.36;9.31
Яблоко запечённый;Фрукты;49.4;0.41;0.42;9.8
Яблоко тушёный;Фрукты;47.0;0.39;0.42;9.41
Яблоко домашний;Фрукты;50.8;0.4;0.45;10.0
Яблоко лёгкий;Фрукты;38.5;0.4;0.28;9.31
Яблоко классический;Фрукты;47.0;0.4;0.4;9.8
Яблоко с маслом;Фрукты;58.8;0.39;0.64;9.6
Яблоко без масла;Фрукты;39.9;0.4;0.26;9.6
Яблоко порционный;Фрукты;47.0;0.4;0.4;9.8
Банан;Фрукты;96.0;1.5;0.5;21.0
Банан отварной;Фрукты;91.2;1.5;0.45;19.95
Банан запечённый;Фрукты;100.8;1.53;0.53;21.0
Банан тушёный;Фрукты;96.0;1.47;0.53;20.16
Банан домашний;Фрукты;103.7;1.5;0.56;21.42
Банан лёгкий;Фрукты;78.7;1.5;0.35;19.95
Банан классический;Фрукты;96.0;1.5;0.5;21.0
Банан с маслом;Фрукты;120.0;1.47;0.8;20.58
Банан без масла;Фрукты;81.6;1.5;0.33;20.58
Банан порционный;Фрукты;96.0;1.5;0.5;21.0
Апельсин;Фрукты;43.0;0.9;0.2;8.1
Апельсин отварной;Фрукты;40.9;0.9;0.18;7.69
Апельсин запечённый;Фрукты;45.1;0.92;0.21;8.1
Апельсин тушёный;Фрукты;43.0;0.88;0.21;7.78
Апельсин домашний;Фрукты;46.4;0.9;0.22;8.26
Апельсин лёгкий;Фрукты;35.3;0.9;0.14;7.69
Апельсин классический;Фрукты;43.0;0.9;0.2;8.1
Апельсин с маслом;Фрукты;53.8;0.88;0.32;7.94
Апельсин без масла;Фрукты;36.5;0.9;0.13;7.94
Апельсин порционный;Фрукты;43.0;0.9;0.2;8.1
Мандарин;Фрукты;38.0;0.8;0.2;7.5
Мандарин отварной;Фрукты;36.1;0.8;0.18;7.12
Мандарин запечённый;Фрукты;39.9;0.82;0.21;7.5
Мандарин тушёный;Фрукты;38.0;0.78;0.21;7.2
Мандарин домашний;Фрукты;41.0;0.8;0.22;7.65
Мандарин лёгкий;Фрукты;31.2;0.8;0.14;7.12
Мандарин классический;Фрукты;38.0;0.8;0.2;7.5
Мандарин с маслом;Фрукты;47.5;0.78;0.32;7.35
Мандарин без масла;Фрукты;32.3;0.8;0.13;7.35
Мандарин порционный;Фрукты;38.0;0.8;0.2;7.5
Груша;Фрукты;47.0;0.4;0.3;10.3
Груша отварной;Фрукты;44.6;0.4;0.27;9.79
Груша запечённый;Фрукты;49.4;0.41;0.32;10.3
Груша тушёный;Фрукты;47.0;0.39;0.32;9.89
Груша домашний;Фрукты;50.8;0.4;0.34;10.51
Груша лёгкий;Фрукты;38.5;0.4;0.21;9.79
Груша классический;Фрукты;47.0;0.4;0.3;10.3
Груша с маслом;Фрукты;58.8;0.39;0.48;10.09
Груша без масла;Фрукты;39.9;0.4;0.2;10.09
Груша порционный;Фрукты;47.0;0.4;0.3;10.3
Виноград;Фрукты;72.0;0.6;0.6;15.4
Виноград отварной;Фрукты;68.4;0.6;0.54;14.63
Виноград запечённый;Фрукты;75.6;0.61;0.63;15.4
Виноград тушёный;Фрукты;72.0;0.59;0.63;14.78
Виноград домашний;Фрукты;77.8;0.6;0.67;15.71
Виноград лёгкий;Фрукты;59.0;0.6;0.42;14.63
Виноград классический;Фрукты;72.0;0.6;0.6;15.4
Виноград с маслом;Фрукты;90.0;0.59;0.96;15.09
Виноград без масла;Фрукты;61.2;0.6;0.39;15.09
Виноград порционный;Фрукты;72.0;0.6;0.6;15.4
Киви;Фрукты;48.0;1.0;0.6;10.3
Киви отварной;Фрукты;45.6;1.0;0.54;9.79
Киви запечённый;Фрукты;50.4;1.02;0.63;10.3
Киви тушёный;Фрукты;48.0;0.98;0.63;9.89
Киви домашний;Фрукты;51.8;1.0;0.67;10.51
Киви лёгкий;Фрукты;39.4;1.0;0.42;9.79
Киви классический;Фрукты;48.0;1.0;0.6;10.3
Киви с маслом;Фрукты;60.0;0.98;0.96;10.09
Киви без масла;Фрукты;40.8;1.0;0.39;10.09
Киви порционный;Фрукты;48.0;1.0;0.6;10.3
Клубника;Ягоды;32.0;0.7;0.3;7.7
Клубника отварной;Ягоды;30.4;0.7;0.27;7.31
Клубника запечённый;Ягоды;33.6;0.71;0.32;7.7
Клубника тушёный;Ягоды;32.0;0.69;0.32;7.39
Клубника домашний;Ягоды;34.6;0.7;0.34;7.85
Клубника лёгкий;Ягоды;26.2;0.7;0.21;7.31
Клубника классический;Ягоды;32.0;0.7;0.3;7.7
Клубника с маслом;Ягоды;40.0;0.69;0.48;7.55
Клубника без масла;Ягоды;27.2;0.7;0.2;7.55
Клубника порционный;Ягоды;32.0;0.7;0.3;7.7
Малина;Ягоды;46.0;0.8;0.5;8.3
Малина отварной;Ягоды;43.7;0.8;0.45;7.89
Малина запечённый;Ягоды;48.3;0.82;0.53;8.3
Малина тушёный;Ягоды;46.0;0.78;0.53;7.97
Малина домашний;Ягоды;49.7;0.8;0.56;8.47
Малина лёгкий;Ягоды;37.7;0.8;0.35;7.89
Малина классический;Ягоды;46.0;0.8;0.5;8.3
Малина с маслом;Ягоды;57.5;0.78;0.8;8.13
Малина без масла;Ягоды;39.1;0.8;0.33;8.13
Малина порционный;Ягоды;46.0;0.8;0.5;8.3
Черника;Ягоды;44.0;1.1;0.4;7.6
Черника отварной;Ягоды;41.8;1.1;0.36;7.22
Черника запечённый;Ягоды;46.2;1.12;0.42;7.6
Черника тушёный;Ягоды;44.0;1.08;0.42;7.3
Черника домашний;Ягоды;47.5;1.1;0.45;7.75
Черника лёгкий;Ягоды;36.1;1.1;0.28;7.22
Черника классический;Ягоды;44.0;1.1;0.4;7.6
Черника с маслом;Ягоды;55.0;1.08;0.64;7.45
Черника без масла;Ягоды;37.4;1.1;0.26;7.45
Черника порционный;Ягоды;44.0;1.1;0.4;7.6
Творог 0%;Молочные продукты;71.0;16.5;0.0;1.3
Творог 0% отварной;Молочные продукты;67.5;16.5;0.0;1.23
Творог 0% запечённый;Молочные продукты;74.5;16.83;0.0;1.3
Творог 0% тушёный;Молочные продукты;71.0;16.17;0.0;1.25
Творог 0% домашний;Молочные продукты;76.7;16.5;0.0;1.33
Творог 0% лёгкий;Молочные продукты;58.2;16.5;0.0;1.23
Творог 0% классический;Молочные продукты;71.0;16.5;0.0;1.3
Творог 0% с маслом;Молочные продукты;88.8;16.17;0.0;1.27
Творог 0% без масла;Молочные продукты;60.4;16.5;0.0;1.27
Творог 0% порционный;Молочные продукты;71.0;16.5;0.0;1.3
Творог 5%;Молочные продукты;121.0;17.2;5.0;1.8
Творог 5% отварной;Молочные продукты;114.9;17.2;4.5;1.71
Творог 5% запечённый;Молочные продукты;127.1;17.54;5.25;1.8
Творог 5% тушёный;Молочные продукты;121.0;16.86;5.25;1.73
Творог 5% домашний;Молочные продукты;130.7;17.2;5.6;1.84
Творог 5% лёгкий;Молочные продукты;99.2;17.2;3.5;1.71
Творог 5% классический;Молочные продукты;121.0;17.2;5.0;1.8
Творог 5% с маслом;Молочные продукты;151.2;16.86;8.0;1.76
Творог 5% без масла;Молочные продукты;102.8;17.2;3.25;1.76
Творог 5% порционный;Молочные продукты;121.0;17.2;5.0;1.8
Творог 9%;Молочные продукты;159.0;16.7;9.0;2.0
Творог 9% отварной;Молочные продукты;151.0;16.7;8.1;1.9
Творог 9% запечённый;Молочные продукты;167.0;17.03;9.45;2.0
Творог 9% тушёный;Молочные продукты;159.0;16.37;9.45;1.92
Творог 9% домашний;Молочные продукты;171.7;16.7;10.08;2.04
Творог 9% лёгкий;Молочные продукты;130.4;16.7;6.3;1.9
Творог 9% классический;Молочные продукты;159.0;16.7;9.0;2.0
Творог 9% с маслом;Молочные продукты;198.8;16.37;14.4;1.96
Творог 9% без масла;Молочные продукты;135.2;16.7;5.85;1.96
Творог 9% порционный;Молочные продукты;159.0;16.7;9.0;2.0
Молоко 2.5%;Молочные продукты;52.0;2.8;2.5;4.7
Молоко 2.5% отварной;Молочные продукты;49.4;2.8;2.25;4.46
Молоко 2.5% запечённый;Молочные продукты;54.6;2.86;2.62;4.7
Молоко 2.5% тушёный;Молочные продукты;52.0;2.74;2.62;4.51
Молоко 2.5% домашний;Молочные продукты;56.2;2.8;2.8;4.79
Молоко 2.5% лёгкий;Молочные продукты;42.6;2.8;1.75;4.46
Молоко 2.5% классический;Молочные продукты;52.0;2.8;2.5;4.7
Молоко 2.5% с маслом;Молочные продукты;65.0;2.74;4.0;4.61
Молоко 2.5% без масла;Молочные продукты;44.2;2.8;1.62;4.61
Молоко 2.5% порционный;Молочные продукты;52.0;2.8;2.5;4.7
Молоко 3.2%;Молочные продукты;60.0;2.9;3.2;4.7
Молоко 3.2% отварной;Молочные продукты;57.0;2.9;2.88;4.46
Молоко 3.2% запечённый;Молочные продукты;63.0;2.96;3.36;4.7
Молоко 3.2% тушёный;Молочные продукты;60.0;2.84;3.36;4.51
Молоко 3.2% домашний;Молочные продукты;64.8;2.9;3.58;4.79
Молоко 3.2% лёгкий;Молочные продукты;49.2;2.9;2.24;4.46
Молоко 3.2% классический;Молочные продукты;60.0;2.9;3.2;4.7
Молоко 3.2% с маслом;Молочные продукты;75.0;2.84;5.12;4.61
Молоко 3.2% без масла;Молочные продукты;51.0;2.9;2.08;4.61
Молоко 3.2% порционный;Молочные продукты;60.0;2.9;3.2;4.7
Кефир 1%;Молочные продукты;40.0;3.0;1.0;4.0
Кефир 1% отварной;Молочные продукты;38.0;3.0;0.9;3.8
Кефир 1% запечённый;Молочные продукты;42.0;3.06;1.05;4.0
Кефир 1% тушёный;Молочные продукты;40.0;2.94;1.05;3.84
Кефир 1% домашний;Молочные продукты;43.2;3.0;1.12;4.08
Кефир 1% лёгкий;Молочные продукты;32.8;3.0;0.7;3.8
Кефир 1% классический;Молочные продукты;40.0;3.0;1.0;4.0
Кефир 1% с маслом;Молочные продукты;50.0;2.94;1.6;3.92
Кефир 1% без масла;Молочные продукты;34.0;3.0;0.65;3.92
Кефир 1% порционный;Молочные продукты;40.0;3.0;1.0;4.0
Кефир 2.5%;Молочные продукты;53.0;2.9;2.5;4.0
Кефир 2.5% отварной;Молочные продукты;50.3;2.9;2.25;3.8
Кефир 2.5% запечённый;Молочные продукты;55.7;2.96;2.62;4.0
Кефир 2.5% тушёный;Молочные продукты;53.0;2.84;2.62;3.84
Кефир 2.5% домашний;Молочные продукты;57.2;2.9;2.8;4.08
Кефир 2.5% лёгкий;Молочные продукты;43.5;2.9;1.75;3.8
Кефир 2.5% классический;Молочные продукты;53.0;2.9;2.5;4.0
Кефир 2.5% с маслом;Молочные продукты;66.2;2.84;4.0;3.92
Кефир 2.5% без масла;Молочные продукты;45.0;2.9;1.62;3.92
Кефир 2.5% порционный;Молочные продукты;53.0;2.9;2.5;4.0
Йогурт натуральный;Молочные продукты;66.0;4.3;3.2;5.0
Йогурт натуральный отварной;Молочные продукты;62.7;4.3;2.88;4.75
Йогурт натуральный запечённый;Молочные продукты;69.3;4.39;3.36;5.0
Йогурт натуральный тушёный;Молочные продукты;66.0;4.21;3.36;4.8
Йогурт натуральный домашний;Молочные продукты;71.3;4.3;3.58;5.1
Йогурт натуральный лёгкий;Молочные продукты;54.1;4.3;2.24;4.75
Йогурт натуральный классический;Молочные продукты;66.0;4.3;3.2;5.0
Йогурт натуральный с маслом;Молочные продукты;82.5;4.21;5.12;4.9
Йогурт натуральный без масла;Молочные продукты;56.1;4.3;2.08;4.9
Йогурт натуральный порционный;Молочные продукты;66.0;4.3;3.2;5.0
Сметана 10%;Молочные продукты;119.0;2.7;10.0;3.9
Сметана 10% отварной;Молочные продукты;113.0;2.7;9.0;3.7
Сметана 10% запечённый;Молочные продукты;125.0;2.75;10.5;3.9
Сметана 10% тушёный;Молочные продукты;119.0;2.65;10.5;3.74
Сметана 10% домашний;Молочные продукты;128.5;2.7;11.2;3.98
Сметана 10% лёгкий;Молочные продукты;97.6;2.7;7.0;3.7
Сметана 10% классический;Молочные продукты;119.0;2.7;10.0;3.9
Сметана 10% с маслом;Молочные продукты;148.8;2.65;16.0;3.82
Сметана 10% без масла;Молочные продукты;101.1;2.7;6.5;3.82
Сметана 10% порционный;Молочные продукты;119.0;2.7;10.0;3.9
Сметана 20%;Молочные продукты;206.0;2.5;20.0;3.4
Сметана 20% отварной;Молочные продукты;195.7;2.5;18.0;3.23
Сметана 20% запечённый;Молочные продукты;216.3;2.55;21.0;3.4
Сметана 20% тушёный;Молочные продукты;206.0;2.45;21.0;3.26
Сметана 20% домашний;Молочные продукты;222.5;2.5;22.4;3.47
Сметана 20% лёгкий;Молочные продукты;168.9;2.5;14.0;3.23
Сметана 20% классический;Молочные продукты;206.0;2.5;20.0;3.4
Сметана 20% с маслом;Молочные продукты;257.5;2.45;32.0;3.33
Сметана 20% без масла;Молочные продукты;175.1;2.5;13.0;3.33
Сметана 20% порционный;Молочные продукты;206.0;2.5;20.0;3.4
Сыр российский;Молочные продукты;363.0;24.1;29.5;0.3
Сыр российский отварной;Молочные продукты;344.8;24.1;26.55;0.28
Сыр российский запечённый;Молочные продукты;381.2;24.58;30.98;0.3
Сыр российский тушёный;Молочные продукты;363.0;23.62;30.98;0.29
Сыр российский домашний;Молочные продукты;392.0;24.1;33.04;0.31
Сыр российский лёгкий;Молочные продукты;297.7;24.1;20.65;0.28
Сыр российский классический;Молочные продукты;363.0;24.1;29.5;0.3
Сыр российский с маслом;Молочные продукты;453.8;23.62;47.2;0.29
Сыр российский без масла;Молочные продукты;308.6;24.1;19.18;0.29
Сыр российский порционный;Молочные продукты;363.0;24.1;29.5;0.3
Сыр голландский;Молочные продукты;352.0;26.0;26.8;0.0
Сыр голландский отварной;Молочные продукты;334.4;26.0;24.12;0.0
Сыр голландский запечённый;Молочные продукты;369.6;26.52;28.14;0.0
Сыр голландский тушёный;Молочные продукты;352.0;25.48;28.14;0.0
Сыр голландский домашний;Молочные продукты;380.2;26.0;30.02;0.0
Сыр голландский лёгкий;Молочные продукты;288.6;26.0;18.76;0.0
Сыр голландский классический;Молочные продукты;352.0;26.0;26.8;0.0
Сыр голландский с маслом;Молочные продукты;440.0;25.48;42.88;0.0
Сыр голландский без масла;Молочные продукты;299.2;26.0;17.42;0.0
Сыр голландский порционный;Молочные продукты;352.0;26.0;26.8;0.0
